index,text,label,beta_shapley,loo
32,The Unexpected Reason It's Healthy To Feel Shame Evolutionary psychologists explain why we sometimes get that sinking feeling of not being good enough. Carolyn Gregoire,SCIENCE,0.8598866019841904,1.0472467872570572
145,HuffPost Religion Podcast 'All Together' Is Now On iTunes  Paul Brandeis Raushenbush,RELIGION,0.02496423571915841,0.015466331834092684
126,"FBI Record Of Police Killings Fails To Include Eric Garner Or Tamir Rice Killings by police that unleashed a new protest movement around the US in 2014, including those of Eric Garner, Tamir Rice ",POLITICS,0.020662296216072146,0.016439534330396355
235,South Carolina Capital Poised To Become First U.S. City To Ban Bump Stocks ‚ÄúIt‚Äôs time for the good guys with guns to begin to pass some really good policy.‚Äù ,POLITICS,0.013296628314201626,0.006106926714778804
5,How Super PACs And Campaigns Are Coordinating In 2016 Efforts to circumvent the coordination ban have grown more aggressive. Paul Blumenthal,POLITICS,0.009322916908813568,0.0008077764594762171
8,"Franken To Address Senate Amid Groping And Forcible Kissing Allegations Franken's Senate colleagues, led by women senators, are calling on him to resign. Richard Cowan andJeff Mason, Reuters",POLITICS,0.008897294589337102,-0.005603861471901839
218,Here's What The Obamas Are Eating For Thanksgiving Dinner  Mollie Reilly,POLITICS,0.0059447472502361836,-0.0037911113283548015
232,"These Republicans Are Under Trump's Skin Our list of Trump's top intra-party irritants. Howard Fineman, Jason Linkins, and Lauren Weber",POLITICS,0.0056496746874143515,0.005482779091773471
97,What You Need To Know About Obamacare This Sign-Up Period Enrollment on the exchanges begins Nov. 1 and lasts until Jan. 31. Jeffrey Young,POLITICS,0.005396931563515346,-0.003924600358183927
118,"Obamacare Repeal Law Would Give Montana Republican $800,000 Tax Cut Greg Gianforte has waffled on the law. Daniel Marans",POLITICS,0.005004099370235292,0.005053948503164152
184,McFadden Wins Race To Challenge Franken  Mollie Reilly,POLITICS,0.00477695575320516,0.005646841695171323
128,New York Raises Taxes On The Rich As State Shifts Leftward Scandals that have weakened centrist Gov. Andrew Cuomo (D) helped drive the change as well. Daniel Marans,POLITICS,0.004672227233393259,0.010266452180916374
237,A Changed Climate In Washington World leaders made both moral and practical progress in the debate on climate change this week. Kate Sheppard,POLITICS,0.00451703824505743,0.003755245513720862
11,"HuffPost Rise: What You Need To Know On January 29 Welcome to the HuffPost Rise Morning Newsbrief, a short wrap-up of the news to help you start your day. ",POLITICS,0.0043712482505351286,0.00657123662442155
98,"How Does White Supremacy Survive An Education? Soon after he was identified, accused domestic terrorist James Alex Fields Jr.‚Äôs early Nazi sympathies were made public by Sarah Winchester, ContributorSarah is an educator living in the South.",POLITICS,0.004364658716882718,-0.00929978209967064
112,"Ralph Northam Slams ‚ÄòMuslim Ban‚Äô At Mosque, Insists He‚Äôs Running A Positive Campaign The Virginia Democrat accused his GOP opponent Ed Gillespie of ""trying to scare people."" Igor Bobic",POLITICS,0.004253914139308252,-0.002455032032363802
38,"A Reluctance To Label Domestic Terrorists By What They Really Are As America reels from the news of the Congressional Republican baseball team shooting, some are loudly resisting attempts John A. Tures, ContributorProfessor of Political Science, LaGrange College",POLITICS,0.004235745817461497,0.0028287610407467523
239,Michelle Obama's Advice To Her Successor: 'Do You' She said the most important part of her job was how much it mattered to her. Adam Hamze,POLITICS,0.004224789453688413,0.000604156293236624
76,"Trump‚Äôs War On Truth He is trying to destroy the credibility of everybody who can hold him accountable. Philip Rotner, Contributor@PhilipRotner, Attorney and Columnist",POLITICS,0.004127799894351682,-0.0027760755346881716
215,"Donald Trump Is Sabotaging His Own Wall Street-Friendly Agenda Democrats were lining up to help Trump lift bank regulations. But that was before his latest jab at ""Pocahontas."" Zach Carter",POLITICS,0.004042884566682916,-0.008416038543885285
212,The Secret History Of Seal Team 6  ,POLITICS,0.003995004579310019,-0.009428967649850795
54,"Marines To 1,100 Endangered Desert Tortoises: Move Out The U.S. Marine Corps has announced a plan to fly more than 1,100 endangered desert tortoises away from their habitat in ",POLITICS,0.003987903979452776,0.007187978311545107
45,Rashida Tlaib's Grandmother Says She's Proud Of The Lawmaker: 'Who Wouldn't Be?' Muftiyah Tlaib reflected on the congresswomen's accomplishments in an interview with The Washington Post. Kimberley Richards,POLITICS,0.003868267047986616,0.021095703183721448
34,Donald Trump Is Helping Republicans Make It Harder To Vote His latest conspiracy theory about widespread voter fraud empowers voter suppression efforts. Sam Levine,POLITICS,0.003799229933302789,0.009947093152271325
211,"Explaining the Middle East in Two Minutes! Your favorite politician or pundit says there's an easy solution? This should help clarify things... Rick Horowitz, ContributorMilwaukee Public TV Commentator, Writing Coach, Writing & ...",POLITICS,0.0037858120733880534,-0.00590597198714915
127,Thousands Of Guns Have Been Sold To Domestic Abusers Thanks To This Loophole Keeping firearms away from people convicted of domestic violence should be a national priority. Melissa Jeltsen,POLITICS,0.003768444079732298,-0.0015628189771457746
144,"Massachusetts Lawmakers Are Delaying The Inevitable Regarding Recreational Marijuana As more and more states go legal, more opportunities for testing will open up. Mitchell Chapman, ContributorNews Designer and Freelance Journalist at The Berkshire Eagle",POLITICS,0.0037526774757174848,-0.0007858053329585779
81,"What To Expect From Steve Bannon Now He will be able to operate openly and freely to inflict as much damage as he possibly can on the ‚Äúglobalists‚Äù that remain in the Trump administration. Kurt Bardella, ColumnistColumnist",POLITICS,0.0036594848461813006,-0.003506714264888522
191,HUFFPOLLSTER: Most Americans Oppose Transgender Bathroom Laws A new poll finds widespread support for anti-discrimination laws. Ariel Edwards-Levy and Grace Sparks,POLITICS,0.0036277320143510506,-0.0056959540085892435
204,"Trump Lawyer Attended DOJ Meeting On Confidential FBI Informant Emmet Flood, the White House attorney dealing with the Russia probe, was present at a controversial DOJ meeting about the investigation. Igor Bobic and Ryan J. Reilly",POLITICS,0.0035983840801395595,0.01285301093313973
73,"Senate Now Brawling Over Flint ‚ÄúWe are now bogged down in Washington wonky budgeteer talk,"" said one senator. Laura Barr√≥n-L√≥pez and Arthur Delaney",POLITICS,0.0035013213259311553,-0.0036361716861502136
189,"The World Isn't Flat, It's Hollow For some, nationalism can feel like all they have. Others turn to a gang, revenge, or a twisted form of Islam. None of this, of course, remotely excuses invasions, gang violence, massacres or terrorism. But it may be a warning that we can't just flatten the world. We also have to find ways to fill it up. Spencer Critchley, ContributorFounder of Boots Road Group LLC, a digital marketing agency fo...",POLITICS,0.0034005129580827955,-0.0035887889641506576
23,"Rethinking The Battlefield America must have the capacity to truly respond to security crises before they necessitate the deployment of troops and missiles. Sen. Chris Murphy, ContributorUnited States Senator for Connecticut",POLITICS,0.0033666880915484707,0.014639837370917619
219,Republican Voting For Trumpcare: 'I Don't Think Any Individual Has Read The Whole Bill‚Äô The candid admission came just hours before the House GOP passed the controversial bill. Nick Wing,POLITICS,0.003266032320110531,0.002790407208305812
75,Sheldon Adelson Looks To Harry Reid For A Big Favor  Christina Wilkie,POLITICS,0.0032256932131327653,-0.002155464917086347
187,Michelle Obama Greets The Official White House Christmas Tree For The Last Time The fir is 19 feet tall. Paige Lavender,POLITICS,0.003177121997613521,0.019441259353764673
159,Attorney General Loretta Lynch Bows Out Of Running For Supreme Court Vacancy She indicated that a nomination would be a distraction from her current role. Ryan J. Reilly,POLITICS,0.0031510680347543226,0.0012347488144592855
135,"Climate Change Is Ruining Farmers' Lives, But Only A Few Will Admit It They're embracing new practices in hopes of influencing an industry stuck in the past. Joseph Erbentraut",POLITICS,0.0031149401085813883,-0.0023909666188279277
168,Dick Cheney Takes On Obama In New Book  ,POLITICS,0.0029692973891344955,0.0028878125752909156
18,"Democrats Demand That DeVos Explain How She Is Going To Protect Trans Students DeVos has said she is committed to protecting all students, but these senators think her actions speak louder than her words. Rebecca Klein",POLITICS,0.0029449738521926854,-0.013740257160365366
70,"Debbie ""Wasserperson:"" The True Story  Mark Silva, ContributorPolitical journalist, nature photographer, blues guitarist.",POLITICS,0.002894987741427199,0.005725016681496997
90,5 In U.S. Charged With Terrorism-Related Crimes  ,POLITICS,0.002797884799245215,-0.018615571629033156
31,Republican Grail Of A Balanced Budget Slips Further Away As Deficit Climbs Adopting a GOP budget just got a lot tougher with projections of the first deficit increase since Democrats controlled Congress. Matt Fuller,POLITICS,0.002736943648938211,7.617587528763181e-06
233,"Red Mind, Blue Mind: Are There Really Any Independents? How do Independents manage to rise above party politics while the rest of the electorate is divided by ideology? Well, perhaps they don't. New evidence suggests that the label ""Independent"" may imply more objectivity and purity than these Independents deserve. Wray Herbert, Contributor
Author, 'On Second Thought: Outsmarting Your Mind's Hard-Wired...",SCIENCE,0.002613984354770497,-0.0022685786289928234
59,"Dissecting Gardner's Thoughts On The 'Paid Protesters' Allegedly Hounding Him Gardner emphasizes repeatedly that he wants to hear from real people, not fake protesters. Jason Salzman, ContributorFormer Media Critic, Rocky Mountain News",POLITICS,0.002496374732534232,0.0037862336235252037
208,Obama Welcomes End Of The Longest War In American History  Mollie Reilly,POLITICS,0.002465154401159661,0.00640651552616156
65,"No, Don't Call It Radical Islam For as long as I can remember, I have valued listeners. Whenever I need to vent, I always go to the same person who I know Dalton Price, ContributorA 19-year-old working to drive change in healthcare",RELIGION,0.0023726269668437826,0.004356780923785775
15,"Senator Ron Johnson Loudly Booed At Milwaukee Juneteenth Celebration ""We don't want you here,"" said one bystander. That's ""not how you heal a nation,"" complained the conservative senator. Mary Papenfuss",POLITICS,0.0023331950692883053,-0.008835942208375858
28,"Why Democrats Must Oppose Gorsuch They will almost certainly lose this battle, but they should fight it anyway. Philip Rotner, Contributor@PhilipRotner, Attorney and Columnist",POLITICS,0.002292127529075103,-0.0032979310715397503
96,"NASA Mars Rover 'Curiosity' Closing In On Red Planet To Seek Life Clues By Irene Klotz Scientists suspect the crater may have once been the floor of a lake. The rover, also known as Curiosity, has Reuters, Reuters",SCIENCE,0.0022674574093619095,-0.023736341309658016
214,"Justice Dept. To Prioritize Prosecuting Violence On Flights The DOJ says it will aggressively prosecute violent passengers who assault crew members or endanger the safety of other passengers. Michael Balsamo, AP",POLITICS,0.0021900158745668994,-0.009445134081825568
148,Every Senate Democrat Is Pressing McConnell To Help Puerto Rico With Its Debt Crisis They want to pass legislation granting the island bankruptcy powers. Laura Barr√≥n-L√≥pez,POLITICS,0.002153463847113093,0.004888209536709709
68,"Sparring Over Soda Tax, Cities Set Referendums Will a tax on sugary soft drinks cut obesity? Some cities may find out if voters approve ballot measures. By Elaine S. Povich Stateline, ContributorStateline provides daily reporting and analysis on trends in s...",POLITICS,0.0021361407622470406,0.006001964266115045
140,Obama Heads To Philippines As U.S. Announces Defense Pact  ,POLITICS,0.002131807548799136,-0.006982751616890048
226,What Went Wrong With Last Year's Election Surveys? Pollsters Have Some Answers. Here's what they say the public should know before the next election. Ariel Edwards-Levy,POLITICS,0.002073332695423867,0.016102534682673808
25,"Once More, With Feeling: What Polls Miss About Trump (And Everything Else) Donald Trump entered office with the lowest approval ratings for a president-elect in history, and they‚Äôve only gone farther Frank A. Spring, ContributorProgressive political strategist and writer",POLITICS,0.0019972260492044256,0.006086937032611095
27,"The National Review, Justice Sonia Sotomayor, and Affirmative Action Of course, the National Review has every right under the First Amendment to say all of these things, and I would defend to the death, in Voltaire's words, its right to say them. But that does not make them any less offensive -- or ignorant of the law. Geoffrey R. Stone, ContributorEdward H. Levi Distinguished Service Professor of Law, Univers...",POLITICS,0.0019875948293582484,0.006151607217424526
16,"GOP Senate Candidate: 'Chinaperson' Isn't Racist West Virginia's Don Blankenship sees nothing wrong with the ethnic slur because ""I'm an American person."" Marina Fang",POLITICS,0.001983305508276459,-0.01061784342395855
146,Trump Creates An Opioid Panel As His Budget Threatens To Worsen Epidemic Experts fear the president's proposals would devastate efforts to curb the crisis. Jason Cherkis,POLITICS,0.0019615333732983147,-0.000133267824605654
227,"In Reversal, Equifax Says It Won't Charge Hack Victims For 'Free' Service The company seemed to be using its massive security failure as a marketing opportunity. Arthur Delaney",POLITICS,0.00191398452018672,0.00805279955875543
0,Mother Wants Politicians To See Photos Of Her Child‚Äôs Bullet-Riddled Body Nardyne Jefferies is the unwitting pioneer of an ad-hoc movement to get lawmakers to confront the grisly consequences of ,POLITICS,0.0019032896640238039,0.006899961993384218
20,"Utah Republicans Look To Enshrine Donald Trump's Cuts To National Monuments Tribal leaders view Rep. John Curtis' bill on Bears Ears as another ""shameful"" attack on sovereignty. Chris D'Angelo",POLITICS,0.001899876033223699,-0.013771609536983531
236,"Hillary Clinton Implores Americans To Never Give Up In First Speech Since Election ""But please listen to me when I say this: America is worth it. Our children are worth it,"" she said. Willa Frej",POLITICS,0.0018688715438218552,0.0013367576574254136
52,"GOP Prosecutor Defends Scott Walker Criminal Probe, Says ""Let's Get the Truth Out"" The comments came after Walker, an unannounced candidate for president, used an appearance on an Iowa radio show to publicly attack a bipartisan criminal investigation into his campaign as a ""political witch hunt"" with the aim of ""trying to intimidate people."" Mary Bottari, ContributorThe Center for Media and Democracy/ALEC Exposed",POLITICS,0.0018601847880631043,0.0026545444465219115
41,"Trump's Riyadh Visit Whitewashes Saudi Terrorism President Trump will make America complicit in Saudi Arabia‚Äôs spread of jihadi terrorism. Adam Weinstein, ContributorPolicy Associate, National Iranian American Council, Veteran o...",POLITICS,0.001847265232900313,0.009124924587529282
163,"Vanessa Trump Files For Divorce From Donald Trump Jr. Trump filed for an uncontested proceeding, according to multiple reports. Doha Madani",POLITICS,0.001801042692355536,-0.0063995549629772275
91,"Happy Birthday, Joe Biden! üéâüòé Marina Fang",POLITICS,0.0017920582448976536,-0.018615571629033156
185,"Bette Midler Calls For Sex Strike In Wake Of Radical Texas Abortion Crackdown The proposed action evokes ""Lysistrata,"" a play from ancient Athens in which the women of Greece denied men sex until they ended a war. Mary Papenfuss",POLITICS,0.001755292254383661,0.010331176779374285
209,The Republican Obamacare Dilemma In One 6-Minute Video GOP alternatives would likely leave some Trump supporters even more unhappy with their health insurance. Jonathan Cohn,POLITICS,0.0016697275185141153,0.0017605892685846891
125,"Obama: If You Can Make Time For Taco Bell, You Can Make Time To Vote ‚ÄúYou can vote and then go get your taco."" Paige Lavender",POLITICS,0.001658545782224774,0.0013309033337045584
24,"Former Trump Adviser Roger Stone Admits Collusion With WikiLeaks, Then Deletes It The former adviser to Trump's campaign previously claimed he had ""back-channel communication"" with WikiLeaks founder Julian Assange. Marina Fang",POLITICS,0.0016338923234550742,0.006501336889349396
33,"Trump Administration Finds A New Way To Fight With The UK May said she was ""disappointed"" with the U.S. decision to massively tax a key Northern Ireland job creator. Willa Frej",POLITICS,0.0015561785235510166,0.0030373616080406896
4,"Reagan's Magical Mystery... According to Ron Reagan, Rick Perlstein, Lou Cannon Ron Reagan and Ron Christie discuss clashing portrayals of Ronald Reagan -- Perlstein's smart, shrewd charmer (The Invisible Bridge) and Cannon's under-informed raconteur (Reagan: The Role of a Lifetime). Consensus: he was a shrewd fabulist. And on the 40th anniversary of Nixon's resignation, both Rons lament the Watergate-ization of politics but disagree who's the better president -- RN or BO. HuffPost Radio, Contributor",POLITICS,0.0015549754231302356,-0.006341082485285532
228,Illinois Legalizes Medical Marijuana For Children With Seizures  ,POLITICS,0.0015301935495684838,0.008913396771394244
92,"Donald Trump Is As Rich As He Says, If You Do The Accounting Wrong Donald Trump claims a net worth of more than $10 billion and income of $557 million. But he appears to get there only by ",POLITICS,0.0014483723012555466,-0.01867923553403042
29,"Trump Clings To Unproven Treatments As U.S. Sinks Deeper Into Pandemic Frustrated with his low approval ratings, the president is once again leaning in to hydroxychloroquine as a COVID-19 treatment. Lydia O'Connor",POLITICS,0.001412332262573655,-0.002936629971547422
203,Georgia Governor Rescinds Executive Order Preventing Syrian Refugee Resettlement ATLANTA (AP) ‚Äî Georgia Gov. Nathan Deal rescinded an executive order trying to stop resettlement of Syrian refugees on Monday ,POLITICS,0.0013595804201549627,0.00985349496497584
3,It May Be More Than A Decade Before We See A Woman On The Front Of A U.S. Bill And women are sick of waiting. Lydia O'Connor,POLITICS,0.0013060890275131425,0.013171128515904074
17,"Trump's Big Deal Even though Donald Trump often appears to be out of control, he's executing a disciplined political strategy to tighten his grip on the Republican base. Bob Burnett, ContributorBerkeley activist and writer; Quaker; retired technologist.",POLITICS,0.001257215596235361,-0.010201305110862757
14,"Why Is It So Hard To Believe Race Relations Would Improve Under Bernie Sanders? Or under Hillary Clinton, for that matter? Nick Wing",POLITICS,0.0012335346810996043,-0.012306537204661183
77,Senate Sets Final Showdown On Mnuchin For Monday Democrats don't have the ability to block President Trump's nominees on their own. ,POLITICS,0.0012328944862248857,-0.001799953888536432
2,"The Quiet Global Transformation of Global Development Decades ago, private capital flowing into developing countries was a small fraction of aid dollars. Since then, that private capital investment has grown roughly 100-fold and the ratio of aid to investment has flipped. Today, every $1 in aid to developing nations is dwarfed by nearly $7 in private investment. Elizabeth L. Littlefield, ContributorPresident and CEO of the Overseas Private Investment Corporati...",POLITICS,0.0011631140940927057,0.016441375377819367
220,"Rough Start For U.S. Republicans On First Day Of Trump-Era Congress Republicans will control both the White House and Congress for the first time since 2007. Richard Cowan and Susan Cornwell, Reuters",POLITICS,0.001132694417600075,-2.315633444244236e-05
40,"It May Be Speaker John Boehner and the GOP That Do Not Love America Rudy, oh dear Mr. Former Mayor, it seems that that you got it all wrong when you accused the president of not loving America. It's so hard to watch you spout such stuff because you were such a respected man. Michelle Kraus, ContributorVeteran of the political blogging community",POLITICS,0.0011263087597978023,0.0097133641647833
88,"Schools, Black Children, And Corporal Punishment Black school kids in America are beaten and suspended disproportionately. Dick Startz | University of California, Santa Barbara, Brookings Institution",POLITICS,0.0011173562661037013,-0.00596747936359443
195,"Don Young Suggests The Holocaust Happened Because Jewish People Weren't Armed ‚ÄúIt‚Äôs offensive for anyone to manipulate the history of the Holocaust to score political points,"" the Anti-Defamation League said. Sara Boboltz",POLITICS,0.0011029393562655672,-0.005636047374414754
78,Obamacare's Popularity Just Hit A Record High Maybe it's not the best political climate for repealing the law. Ariel Edwards-Levy,POLITICS,0.0011013962911864074,0.008114527913763048
197,Sarah Huckabee Sanders Said It: FBI-Probe Targets Who Slam Agents Are Losers She was tweeting about Hillary Clinton. SNAP. Mary Papenfuss,POLITICS,0.0010988079757628514,-0.002152046151204068
116,Congressman Trolls Obama Administration Over Yemen Waffling Rep. Ted Lieu (D-Calif.) thinks it's silly to simultaneously call for an end to Saudi-led bombing and enable it to continue. Akbar Shahid Ahmed,POLITICS,0.0010884720897337229,-0.01442820015520746
43,"Obama Administration Gives Police Departments Millions For Body Cams Los Angeles, Washington, Chicago and Detroit are some of the biggest departments that will receive funding for cameras. Ryan J. Reilly",POLITICS,0.001078598750889398,0.0035628626512191897
114,"Amid DACA Uncertainty, States Open Professions To ‚ÄòDreamers‚Äô Indiana now lets DACA recipients apply for professional licenses. ‚ÄúDreamers‚Äù have thrived for two years in Nebraska with Stateline, Editorial Partner",POLITICS,0.0010487982624275514,-0.007112245546612828
109,"GOP Senator: If We Lose In November, We Should Confirm Merrick Garland Jeff Flake thinks President Obama's Supreme Court nominee is better than whoever Hillary Clinton would pick. Jennifer Bendery",POLITICS,0.00101615811474846,-0.013321746609751606
66,"People Raise Over $55K For Woman Fired For Giving Trump The Finger Supporters have raised nearly¬†$60,000 for the woman who lost her job after giving Trump the middle finger last month. The Aris Folley, Aol.com",POLITICS,0.0010070303648163335,-0.003012019189040205
121,"Mitch McConnell Still Doesn't Want To Talk About Trump's Signature Issue -- Immigration He had some vague platitudes about looking ""forward and not backward,"" though. Michael McAuliff and Elise Foley",POLITICS,0.0009740084530966851,-0.004307621931700312
188,"Hillary Clinton Says Assault At Spring Valley High Can‚Äôt Be Justified ""If they‚Äôre acting out, there‚Äôs a lot of alternatives to picking them up and throwing them on the ground."" Julia Craven",POLITICS,0.0009676743790894152,0.001986838846612826
173,Battle Over Scalia‚Äôs Replacement Already Spilling Into Senate Races Conservative and liberal advocacy groups are gearing up for a ferocious political brawl over President Obama‚Äôs pick to fill ,POLITICS,0.0008642898106763496,0.01659078276117798
137,"Barack Obama Appears To Zing Donald Trump With Twitter Followers Boast ""I actually have more than other people who use it more often."" Lee Moran",POLITICS,0.0008521900428072579,-0.0033220550888576894
154,"Fellow Millennial Voters: No One Owes Us A Damn Thing Oh hey, snowflake. I‚Äôm sorry, was that too combative? I don‚Äôt mean to come off combative, I just wanted to get your attention Kevin Powers, ContributorWriter of things",POLITICS,0.0008258935404954224,-0.01626073601206446
85,"Former Commish Michael Copps: 'Maybe The Worst FCC I've Ever Seen' In just a few short months, the Trump wrecking ball has pounded away at rules and regulations in virtually every government Michael Winship, ContributorFormer senior writer, BillMoyers.com. President, Writers Guild...",POLITICS,0.0007874409800096255,-0.011777415956979176
193,Rudy Giuliani Now Just A Manic Conspiracy Theorist For Trump From America‚Äôs Mayor to America's Maybe-Should-Just-Not Jason Linkins,POLITICS,0.0007464090970138636,-0.011712877560822843
22,"Muslim Flight Attendant Says She's Suspended For Not Serving Alcohol ""No one should have to choose between their career and religion."" Ron Dicker",RELIGION,0.0007420737243581186,-0.0026058114552868217
136,"Here Are Some Things You Should Probably Know About Anthony Scaramucci The new White House communications director is now a vocal defender of the president, but he once called Trump ""another hack politician."" Matt Ferner",POLITICS,0.0007327536017485545,-0.0016745822382986386
100,Catch The Year's Very First Meteor Shower This Weekend  Macrina Cooper-White,SCIENCE,0.0007269927974928968,0.000672659713865098
167,"Supreme Court To Hear Key Dispute Over Transgender Rights In America The case centers around 17-year-old Gavin Grimm, who's been barred from using the boys' restroom at his school. Cristian Farias",POLITICS,0.0007252136079020249,-0.002217326880051329
213,"U.S. Forest Service Says It's Spending More Than Half Its Budget On Wildfires ""The time has come for Congress to change the way it funds the Forest Service."" Ian Simpson, Reuters",POLITICS,0.00072373250869202,-0.012984710273451439
176,"The Continuing Muddle At A Pro-Trump Political Committee America Comes First can‚Äôt seem to decide if it‚Äôs a PAC or a super PAC, but in either case its federal filings remain problematic ProPublica, ContributorJournalism in the Public Interest",POLITICS,0.0006891295307985705,0.016351547906888697
155,"Minnesota Democrat Turns Frustration Over Shutdowns Into A Run For Congress Leah Phifer was furloughed in 2013, and now she wants to help stop the dysfunction. Amanda Terkel",POLITICS,0.0006732893577042731,-0.0011056501122735929
7,Trump's Islamophobic Tweets Pissed Off Clinton Voters More Than Firing Up His Base Fewer than half of Trump voters who saw the posts said they strongly approved. Dana Liebelson and Ariel Edwards-Levy,POLITICS,0.0006705723264290831,-0.0035530332918243257
142,"Bernie Sanders Dings Donald Trump With 'Honest President' Tribute To George H.W. Bush The Vermont senator also updated ""The Late Show"" host Stephen Colbert on his 2020 plans. Lee Moran",POLITICS,0.0006305220630563375,-0.0012095454507647374
234,"A ""Peace Community"" Tries Nonviolent Resistance in Colombia We are now more than two years into the Colombian peace talks. Meeting in Havana, negotiators for the Colombian government and its principal antagonist, the Revolutionary Armed Forces of Colombia (FARC), have been trying to agree upon an intricate deal to end the country's long-running armed conflict. Nikki Drake, ContributorInternational Accompanier, FOR Peace Presence Colombia",POLITICS,0.0006162032889925769,-0.0012206364741420006
181,"Anti-Muslim Group, Right-Wing 'News' Operation Team Up To Push Fake News Alicia Powe wrote in a recent article at the right-wing fringe ‚Äúnews‚Äù operation WorldNetDaily: Many Muslim immigrants express Terry Krepel, ContributorFounder of ConWebWatch; former senior editor at Media Matters",POLITICS,0.0005955545323060062,-0.004337627087471541
160,"Guns At The GOP Convention, And Other Not Totally Crazy 2016 Scenarios No scenario is too wild for 2016. Lauren Weber and Howard Fineman",POLITICS,0.0005950515156352377,0.0012896270487343653
180,"Do We Have To Abolish The Victim Narrative To Abolish Immigration Detention? Victimizing these families isn't helping. Christina Fialho, ContributorCo-Founder/Executive Director, Freedom for Immigrants (formerl...",POLITICS,0.0005401149584456791,0.003488520134531048
82,'Candidate Confessional': Stories Of Those Who Ran For Office... And Lost The losers usually have the best tales to tell. Sam Stein and Jason Cherkis,POLITICS,0.00042243346275432146,-0.015841059908869692
130,"When School Starts And Your Sub Teacher Is Barack Obama The former president drops by to tell D.C. students, ""I do believe that most of the problems we have are going to be solved by you.‚Äù Doha Madani",POLITICS,0.0004153858360924704,0.0013263592669978674
42,REPORT: Police Have Shot Dead 385 People This Year  ,POLITICS,0.0003958990292232452,0.00740347701512406
49,"Donald Trump Taunts Kim Jong Un: My Nuclear Button Is 'Bigger' And, the U.S. president tweets, ""my Button works!"" Mollie Reilly and Eline Gordts",POLITICS,0.0003915696880130052,0.016136820895558235
169,"Jeff Flake Knocks Republicans For Not Standing Up To Birthers The senator has been criticizing his party and the president, while still mostly voting with them. Elise Foley",POLITICS,0.000366812113087934,0.013837694976980619
48,"Report: Sheldon Adelson Backs Trump Trip To Israel After $100 Million Pledge Conservative and big-money allies of Donald Trump are laying the groundwork for him to visit Israel this summer, an idea ",POLITICS,0.00035289417843544115,0.016136820895558235
199,"News Roundup August 16, 2017 This is the world we live in. Let‚Äôs try to make it better. 1. The GOP is distancing itself from Trump. All it took was for Outspeak, ContributorOutspeak‚Ñ¢ is the opinion outlet for digital storytellers every...",POLITICS,0.0003508788882918382,-0.0016796699525004621
196,"HUFFPOST HILL - Trump Tries To Reboot Campaign Again, Still Won't Use Safe Mode Donald Trump tried once again to restart his campaign, a pivot that will last until tomorrow when he gets into a fight with Eliot Nelson and Jeffrey Young",POLITICS,0.0003334359760228537,0.004422157859967468
221,Pentagon Distancing Itself From Donald Trump On Qatar The president this week inflamed already-mounting tensions in the Gulf. Alana Horowitz Satlin,POLITICS,0.0003318398873209656,-0.004188833426620464
101,"U.S. House Passes Bill Requiring Warrants To Search Old Emails The legislation was expected to encounter resistance in the Senate, where it failed to advance last year amid opposition by a handful of Republican lawmakers after the House passed it unanimously. Dustin Volz, Reuters",POLITICS,0.0003284275988375687,-0.004556566188387012
53,"Bolton Says Trump Moves Could Signal A Tougher China Line The Taiwan call laid ""the foundation for a different relationship."" ",POLITICS,0.00032252556660943655,0.004922688037737655
102,'I Was Sentenced To Life In Prison -- And Then I Got A Second Chance'  Saki Knafo,POLITICS,0.000315974531929355,-0.024186532779352482
6,"Trump And Afghanistan: Old Problems And New Dangers Keeping track of important policy developments with Donald J. Trump as president is difficult and yet vital. There is so David Coates, ContributorWorrell Professor of Anglo-American Studies, Wake Forest Unive...",POLITICS,0.0002744399294744778,0.0024357934948642246
56,Paul Ryan: Congress May Not Meet Government Funding Deadline Don't pack your bags for holiday break just yet. Laura Barr√≥n-L√≥pez,POLITICS,0.0002429809255524665,0.0016639486406058723
194,"Willing To Oppose Trump, Some Senate Republicans Gain Leverage A small number of influential Republicans in the Senate are threatening to block appointments to Trump‚Äôs administration, derail his thaw with Russia and prevent the planned wall on the border with Mexico. Ginger Gibson and Richard Cowan, Reuters",POLITICS,0.00017606443945922763,-0.0069097339502287025
106,Donald Trump Says Philadelphia's Murder Rate Has Increased. He's Lying. But you know what did surge after Trump's election? Hate crimes. Sebastian Murdock,POLITICS,0.0001461954382771144,-0.008925727718095355
151,"Trump Will Accept Results Of Election 'If It's Fair,' His Son Says The GOP nominee has continued to allege the election is ""rigged"" against him. ",POLITICS,0.00014338292038871254,0.0007598732718707146
69,HUFFPOST HILL - More Like District Jerk Periods Like what you read below? Sign up for HUFFPOST HILL and get a cheeky dose of political news every evening! Astronomers have Eliot Nelson and Arthur Delaney,POLITICS,8.583174618145984e-05,-0.011767390703937397
72,"Friday's Morning Email: Donald Trump Cancels His Trip To London, Blames Obama The White House may have been fearing protests. Ariel Edwards-Levy",POLITICS,8.521337781526144e-05,-0.00285723441903335
164,"Trump Admin Wants Prosecutors To Seek Harshest Possible Penalty In Immigration Cases, DOJ Says Immigration cases already occupy about half of the federal criminal docket. Roque Planas",POLITICS,7.09715256682993e-05,-0.004835573751096611
108,"Biden Tops Clinton List For U.S. Secretary Of State: Reports ‚ÄúHe‚Äôd be great."" ",POLITICS,2.6291042762245635e-05,-0.0189194865481003
183,"What Care For The Criminally Insane Can Teach Us About Mental Health Treatment Those judged to be criminally insane often receive better mental health treatment than practically anybody else ‚Äî including people who have never committed a crime. Stateline, Editorial Partner",POLITICS,2.4364527816605248e-05,0.005819554505009705
152,Former Clinton Official James Lee Witt Loses House Race  Mollie Reilly,POLITICS,-4.101149705471031e-05,-0.0004394860941347445
47,"If The Creeks Don't Rise  Jonathan Richards, ContributorCartoonist",POLITICS,-6.54627637777529e-05,0.03277728107268579
198,Women And Minorities More Likely Than Ever To Be Your Boss But they still lag behind despite 50 years of progress. Christina Wilkie,POLITICS,-8.401821627346675e-05,-0.004719648238748486
103,"Hillary Clinton Will Be Nominated Because More Democrats Are Voting For Her It‚Äôs an emblematically annoying ending to the Democratic campaign, one that reflects both the acrimony between Hillary Clinton ",POLITICS,-9.952167109132854e-05,-0.013660222277206091
143,"Guantanamo Prison Closing Plan Means New Obama-Congress Battle President Barack Obama‚Äôs plan to close the U.S. military prison at Guantanamo Bay, Cuba, would bring as many as 64 of the ",POLITICS,-0.00011470673967767846,-0.0022680744522883267
177,"Third Poll Shows Sanders Leading Clinton In New Hampshire, Competitive In Iowa Sanders is 9 points ahead of Clinton in New Hampshire and trails by 11 points in Iowa. Janie Velencia",POLITICS,-0.00012453030149330423,0.022978102766339104
132,Every Single Chilean Bishop Offers To Resign Over Country's Sex Abuse Scandal It's the first time all the bishops in one country have offered to step down over the church's sex abuse scandal. Carol Kuruvilla,RELIGION,-0.00016267784585317883,0.00797604967729143
217,Progressives Still Don't Like The Puerto Rico Bill Time is running out for the beleaguered island. Laura Barr√≥n-L√≥pez and Daniel Marans,POLITICS,-0.00017004103945759966,-0.010139061360805168
201,Secretary Of State Nominee Mike Pompeo Says He Continues To Oppose Gay Marriage Cory Booker grilled the CIA director about his views on gays and Muslims. Igor Bobic,POLITICS,-0.00017902368868781443,0.011613196398001568
129,The Day Trump Truly Became President Of Alaska's Charred Remains At least those coal jobs are coming back... Eliot Nelson and Jeffrey Young,POLITICS,-0.0001820905931751191,0.0017410192248523693
79,"Brutal Super PAC Ad Hits Donald Trump For Mocking Reporter With Disability ""When I saw Donald Trump mock someone with a disability, it showed me his soul, it showed me his heart."" Igor Bobic",POLITICS,-0.00020198639177765407,-0.005748290415615365
120,"Ted Cruz Gets Booed Over Gay Marriage Comments On 'The Late Show' ""Guys, however you feel, he's my guest, so please don't boo him,"" Colbert said. Ashley Alman",POLITICS,-0.00021065499264065458,-0.006810986438829547
61,"My Conversation With Chris Darden: 'The Gloves Were a Hail Mary' It has been 22 years and Darden says he is still paying the price. Jim Moret, ContributorChief Correspondent, Inside Edition; Author and Attorney",POLITICS,-0.00022507280339114226,0.010697223745850193
46,"Watch 1998 Rudy Giuliani Completely Torpedo 2018 Rudy Giuliani's Trump Arguments ‚ÄúYou gotta do it. I‚Äôm mean, you don‚Äôt have a choice.‚Äù Ed Mazza",POLITICS,-0.00023300586017872894,0.015217486620489717
123,You Need To Know About The Life of Pittsburgh Steelers Chairman Dan Rooney How can Democrats get Steeler Country voters back? They could start by learning Rooney values. Howard Fineman,POLITICS,-0.00023673419041480594,-0.0054001922497946
64,"We Are Two Emotional Nations at War This post first appeared at BillMoyers.com The clich√© of the decade is that America consists of two nations which don‚Äôt like Todd Gitlin, ContributorWriter, sociologist, columnist for BillMoyers.com, professor a...",POLITICS,-0.0003429027107708833,0.007983976519263747
216,Trump Administration To End Immigration Protections For Haitians The U.S. will end the special status in July 2019. ,POLITICS,-0.0003467129148478965,-0.0001924365386116178
87,Maxine Waters Tears Into Donald Trump: The ‚ÄòMost Despicable Human Being' ‚ÄúI don‚Äôt know when Americans are going to tire of this lying man.‚Äù Lee Moran,POLITICS,-0.00037036758882001025,-0.01467719063902323
107,The RNC Will Support Roy Moore After Pulling Funding Over Misconduct Allegations The move follows an endorsement from President Donald Trump. Nick Visser,POLITICS,-0.0003738775121375747,-0.01627796378062918
94,Hear What These Trump Swag Sellers Really Think Of The Presidential Candidate Not every vendor is a true Trump fan. Rahel Gebreyes,POLITICS,-0.00042828191988950563,-0.007263398211282024
170,"Is This Who We Want Driving Our Democracy? With the voices of everyday Americans increasingly being drowned out by the likes of the Koch brothers, fixing our democracy can't wait. Minister Leslie Watson Malachi, ContributorDirector of African American Religious Affairs, People For the...",POLITICS,-0.0004344026969285307,0.010890353554677545
63,"Police Escape Charges In 96 Percent Of Civil Rights Cases: Report Between 1995 and 2015, prosecutors turned down 12,703 potential civil rights violations out of 13,233 total complaints. Joseph Ax, Reuters",POLITICS,-0.0005303493500130321,0.021334598324053877
133,"Khizr Khan Was Right: Donald Trump Should Walk Around Arlington National Cemetery Or at the very least, watch this video. Elise Foley, Arthur Delaney, and Liz Adetiba",POLITICS,-0.0005797689748131881,0.0063150476304200676
110,"GOP Rep. Fred Upton, Who Voted To Impeach Trump, Announces Retirement The longtime Michigan congressman said he won't seek another term. Liz Skalka",POLITICS,-0.00060853904473787,-0.011486418043604896
230,Hundreds Of Thousands Of Protesters Welcome Donald Trump To Washington Pussy power! Amanda Terkel,POLITICS,-0.0006158141665906519,0.013688287888963258
139,Donald Trump With A Cockney Accent Sounds Even More Menacing English actor Peter Serafinowicz makes him seem like an East London gangster. Lee Moran,POLITICS,-0.0006498276130851278,-0.012947775066077638
67,"Donald Trump's Ego Undermines The GOP Tax Agenda The president feuds with members of his own party, who wish he would leave the tax details to them. Arthur Delaney",POLITICS,-0.0006785565611001793,-0.003012019189040205
182,These Cringe-Worthy Stories Show It Can Be Hard For Women In Science  Macrina Cooper-White,SCIENCE,-0.0006905344165127351,-0.0026017361545850326
105,"Some Prosecutors Are Erasing Old Weed Convictions. Why Isn't Yours? ‚ÄúLaws and public opinion are evolving, but past convictions for marijuana-related offenses can still haunt someone.‚Äù Matt Ferner",POLITICS,-0.0006959483230333026,-0.007810868813315164
93,"A Law with Teeth: The Reason I Won't Live Outside the U.S. I've lived all over the place, and traveled past that. And while I deeply love the countries that raised me (namely, Fiji and Japan), I don't think I will ever live outside the United States again for any great length of time. The Americans with Disabilities Act (ADA) is why. Meriah Nichols, ContributorHumboldt Housewife with 3 kids, a yurt, a camera and a lot of ...",POLITICS,-0.000698123644049739,-0.020783256314899856
192,"Trump Accuses Pence Aide Jennifer Williams Of 'Presidential Attack' Williams testified in the impeachment probe that Trump's July phone call with the Ukrainian president was ""unusual and inappropriate."" Amy Russo",POLITICS,-0.0007387754808035121,-0.01376707288211021
225,"Listen To This Catholic Priest Poke Holes In Trump's 'America First' Climate Plan ""Policies that fail to protect our planet are not only against Catholic teaching but are also immoral.‚Äù Carol Kuruvilla",POLITICS,-0.0007524289076189716,-0.006001768280504305
141,"That Giant Sucking Sound Is Bipartisanship This is and should not be presented as a vote for or against the president.  It is simply an enormously complex and complicated set of global trade policies that rightfully deserve careful discussion and thoughtful debate. Lance Simmens, ContributorAuthor, ""Fracktured"", ""The Evolution of a Revolution"", Politic...",POLITICS,-0.000831155749119001,0.001308209177162123
238,"James Comey, Legal Moralist Or Self-Serving Unconscionable Fool? Who is FBI Director James Comey kidding when he agonizes over what he wrought after sending to congressional leaders an almost Michael Russnow, ContributorProfessional screenwriter, actor, former U.S. Senate aide and ...",POLITICS,-0.0008508282501063974,0.0031613696070043606
178,"America‚Äôs Wars: Business As Usual U.S. wars and conflicts across the Greater Middle East are being expanded and escalated. Tom Engelhardt, ContributorEditor, TomDispatch.com",POLITICS,-0.0008764086242894264,0.013296012988330386
165,"Despite Bans, Ticket-Buying Bots Still Snag The Best Seats Savvy bots have been snatching tickets from would-be concertgoers. Lawmakers have taken action to ban bots, but the laws are seldom enforced. Stateline, Editorial Partner",POLITICS,-0.0008962573754544999,-0.007067375371060669
83,"It Looks Like Nothing Will Stop Ferguson From Prosecuting Protesters ""That's up to the prosecutor,"" the mayor said. Mariah Stewart",POLITICS,-0.0008989422509148807,-0.01113615528105355
95,"Running From Obama, Mary Landrieu Embraces Hillary Clinton  Matt Sledge",POLITICS,-0.0009017766004863301,-0.012700031745628448
153,"Natural Ball Lightning Recorded By Scientists For First Time Ever (VIDEO) Using spectrographs to observe the storm, the researchers discovered that elements found in the local soil -- silicon, iron Sara Gates",SCIENCE,-0.0009541606694685339,-0.009651150962234845
62,5 Ways Obama's Successor Could Undermine His New Climate Rules The new regulations depend on the next president to enforce them. Jonathan Cohn,POLITICS,-0.000957307005273016,0.004893923537014677
224,Here's What Hillary Clinton Said About Obama's Supreme Court Pick It's her strongest signal yet that she might not renominate Merrick Garland to the high court. Cristian Farias,POLITICS,-0.0009676703685319542,-0.0015669186491095166
10,"Early Voting Picking Up Steam Iowa remains ground zero for the fight for the Senate, and for early voting mobilization activities. As of Friday, 119,141 Iowans had voted in the 2014 general election, representing 10.5 percent of the total vote in 2010. Michael P. McDonald, ContributorAssociate Professor, University of Florida",POLITICS,-0.0010043532495440767,0.0002447132993502188
39,"When Human Rights Defenders Continue Their Work From Prison Repressive regimes think if they shut human right defenders in jail they will put and end to their work. They are wrong. A Brian Dooley, ContributorSenior Advisor, Human Rights First",POLITICS,-0.001028938891710681,0.0031649456087591843
117,"Daily Meditation: Enlightened We all need help maintaining our personal spiritual practice. We hope that these¬†Daily Meditations, prayers and mindful awareness Antonia Blumberg",RELIGION,-0.0010447856597979267,-0.008787150494725782
157,"HuffPost Rise: What You Need To Know On January 25 Welcome to the HuffPost Rise Morning Newsbrief, a short wrap-up of the news to help you start your day. ",POLITICS,-0.0010670977452134957,-0.005401017818921217
113,"Most Of Trump's Voters Don't Think He's Changed Since Taking Office The president's base remains solidly behind him, although their fervency may be slightly cooled. Ariel Edwards-Levy and Grace Sparks",POLITICS,-0.0010800146040553862,-0.007975043964558892
124,"Judge Compares Trans Student‚Äôs Case To America‚Äôs Greatest Civil Rights Battles The case of Gavin Grimm ""is about much more than bathrooms."" Cristian Farias",POLITICS,-0.0010901621200256465,0.0005923909570504371
149,"Read President Obama's Dedication At America's First National Museum For Black History ""Perhaps it can help a white visitor understand the pain and anger of demonstrators in places like Tulsa and Charlotte."" Sam Levine",POLITICS,-0.001113627267949898,-0.0017571834623641425
26,"Nuclear Extension: US and Iran's Domestic Politics The seven months extension of the nuclear negotiations between the six world power and Iran will likely lead to a more complicated process as well as negative consequences when it comes to domestic politics and reaching a final nuclear deal. Dr. Majid Rafizadeh, ContributorPresident of the International American Council",POLITICS,-0.0011401726518073727,-0.004389242389277681
51,"The Unquenchable and Endless Thirst for War --  Thomas Paine Warns the NeoCons Are Coming... Again! Enter Thomas Paine, the one truly radical Founding Father, who was fighting for that soul of America. He was also the man who inspired a long and bloody war through his words in Common Sense and American Crisis, words often quoted by Neocons. Ian Ruskin, ContributorDirector of The Harry Bridges Project and The Life of Thomas P...",POLITICS,-0.0011904562622147717,0.006233373964356359
171,"GOP-Led House Ignores Dems' Sit-In, Approves $1.1 Billion To Fight Zika The move short-changes President Barack Obama's $1.9 billion funding request. Susan Cornwell, Reuters",POLITICS,-0.0012854125419845125,0.010532813865090251
206,"NAACP Cites Trump‚Äôs Reported ‚ÄòShithole‚Äô Comment In Lawsuit To Protect Haitians The administration's ‚Äútrue motive"" for canceling protection for Haitians in the U.S. ""reflects racial discrimination,‚Äù the federal suit says. Roque Planas",POLITICS,-0.0013466216251337513,0.00884404452823856
55,Charlottesville Street Renamed In Honor Of Heather Heyer The 32-year-old was killed while protesting a white supremacist rally. Jenna Amatulli,POLITICS,-0.0013477023485774639,0.0016989909066885689
74,"Greta Thunberg Chides Amy Coney Barrett For Her Weak Stance On Climate Change The teenage activist argued that like gravity, climate change was a fact of life -- not something to have ""views"" on. Jeremy Blum",POLITICS,-0.0013739364985858587,-0.0034800811128297138
57,"GOP Congressman-Elect Praises Maskless Trump Supporters: 'This Is A Phony Pandemic' Bob Good, who is slated to represent Virginia‚Äôs 5th Congressional District, praised a crowd of maskless pro-Trump rally-goers as a ""group of people that gets it."" Dominique Mosbergen",POLITICS,-0.0013867959789954064,0.004807753377853385
222,"The ‚ÄòPledge‚Äô That Saddled Republicans With Trump Scared of a third-party run, the GOP instead wound up with Trump as nominee. S.V. Date",POLITICS,-0.0014419493206716447,0.0009430112509697941
156,"Yankee Doodle Polling: Public Opinion on Patriotism Public opinion polls confirm what foreign observers have often noted: Americans are a very patriotic people. But what does patriotism mean to the U.S. public, and how tightly is the ideal bound to its symbols? Kathleen Weldon, ContributorDirector of Communications for the Roper Center for Public Opi...",POLITICS,-0.0014921474614544331,0.00722331613327426
99,"U.S. Formally Accuses Russia Of Cyber Attacks Against Democratic Party Groups By Jonathan Landay and Mark Hosenball WASHINGTON (Reuters) - The U.S. government on Friday formally accused Russia of a campaign Jonathan Landay and Mark Hosenball, Reuters",POLITICS,-0.001561424767276386,-0.00891121289078084
13,"Is Bernie Sanders Too Radical for America? Now that Bernie Sanders is rapidly climbing in the polls and attracting huge audiences to his campaign events, his opponents are starting to attack him for being too radical. After all, Sanders describes himself as a democratic socialist. Peter Dreier, ContributorE.P. Clapp Distinguished Professor of Politics, Occidental Col...",POLITICS,-0.0015987884075140974,-0.012462420815237685
175,A Whopping $12 Billion Is Needed To Upgrade National Parks Making sure the Jefferson Memorial doesn‚Äôt sink into the Tidal Basin seems like a great idea. ,POLITICS,-0.0016545928115384609,0.018028790050331756
147,"See Photos From The State Dinner For Nordic Leaders David Letterman, Aziz Ansari, Janelle Mon√°e and Demi Lovato were all in attendance. Sam Levine",POLITICS,-0.0016963275537941645,0.0036004556786919384
50,"Politicians React To Supreme Court Justice Antonin Scalia's Death Sen. Ted Cruz (R-Texas) called Scalia ""one of the greatest Justices in history."" Paige Lavender",POLITICS,-0.0017276030645500147,0.007518181584937611
150,"Count On Life Expectancy Plummeting If We Stick To Same Old Way Of Treating Opioid Addiction I have spent the last two decades responding to the addiction crisis. Chris Hassan, ContributorCEO, Soft Landing Recovery",POLITICS,-0.0017454449395032732,0.0003841090776465772
174,"Ronald Reagan's Daughter Has Something To Say About Trump's Second Amendment Comments ""Yes, Mr. Trump, words matter."" Paige Lavender",POLITICS,-0.001755555273237112,0.015703704348305703
138,Jerusalem Churches Take On Hate Graffiti  ,RELIGION,-0.0018442298532710736,-0.015996554170909283
158,Tillerson Orders U.S. Embassies To Identify Population Groups For Tougher Visa Screening He's also demanded ‚Äúmandatory social media checks‚Äù for all applicants who have ever been in ISIS-controlled territory. ,POLITICS,-0.0019227299792284375,0.00017734756796156104
86,Ilhan Omar Says Her Election To Congress Is 'A Real Rejection' Of Religious Bigotry The Muslim congresswoman-elect will be the first hijab-wearing member of the House. Alanna Vagianos,POLITICS,-0.0019578003562562125,-0.008728633371121286
210,Forecaster: Dems Favored To Retake Senate If Trump Or Cruz Is Nominee With Donald Trump and Texas Sen. Ted Cruz seemingly positioned to fight it out for the Republican presidential nomination ,POLITICS,-0.0019638361191657927,0.003332126838808902
111,There's At Least One Scenario In Which Bernie Sanders Is Electable And Hillary Clinton Isn't Sanders could prevail in a financial catastrophe -- and that possibility isn't completely far-fetched. Ryan Grim and Jason Linkins,POLITICS,-0.0020478247089738386,-0.016060089232492913
9,"Why The Donald Deals With Democrats On Debt Ceiling And DACA Trump has found that people like ‚Äúthe art of the deal‚Äù when it resolves political gridlock. John A. Tures, ContributorProfessor of Political Science, LaGrange College",POLITICS,-0.0021803175887148314,0.0018799553820437187
161,"Senior White House Adviser Once Said 'True' Muslims Can't 'Coexist' With 'Other Faiths' Frank Wuco, who used to role-play as a fictional ""jihadist"" during his work as a security consultant, has a long history of anti-Muslim animus. Christopher Mathias",POLITICS,-0.0021822979431995126,-0.004649490449935956
104,Bernie Sanders Says Debbie Wasserman Schultz Will Be Gone From DNC If He's President He also endorsed her primary challenger. Sam Levine,POLITICS,-0.0022906363143189268,-0.0086699038929553
223,"Flailing Trump Suggests Hillary Clinton May Have Cheated On Husband ‚ÄúI don‚Äôt even think she‚Äôs loyal to Bill, to tell you the truth."" ",POLITICS,-0.002368174812186999,-0.0030895880917227725
115,Pope Francis Calls Assisted Suicide 'A Sin Against God'  ,RELIGION,-0.0023703879344457845,-0.01507705081447619
60,"What's The Difference Between Paul Ryan And John Boehner? It's the beard, right? It's totally the beard. Matt Fuller",POLITICS,-0.0024041173659572145,-0.003740060691310554
19,"How Serious Is The Threat Of A Conflict With North Korea? I have been asked by many people over the last few days what I thought were the risks of nuclear war on the Korean Peninsula Emanuel Pastreich, ContributorDirector of the Asia Institute",POLITICS,-0.0026020533529850687,-0.014875082710559873
190,"Chuck Schumer Still Talks To Trump. But He Doesn't See A Detente Coming. The Senate minority leader says the president has blown opportunities to work with Democrats. Now, the chance for bipartisan cooperation is dimming. Sam Stein",POLITICS,-0.0026023135024655247,-0.01185969120569319
21,"Why Doesn't Mayor De Blasio Like Roommates? The Mayor has announced his ten year, five borough plan to increase the supply of affordable housing in New York - but it appears he's down on the single biggest supply of affordable accommodation the city has to offer, apartment sharing. Why? Matt Hutchinson, ContributorMatt Hutchinson, director of flat and house share site, SpareR...",POLITICS,-0.0027021520083489394,-0.005157803826755347
30,"10 Questions About The 2016 Race No One Can Answer Least of all, us. Lauren Weber, Jason Linkins, and Howard Fineman",POLITICS,-0.0027484434333092922,-0.0025543574231865485
179,"Clinton Offered A Nuanced Answer On Obamacare; Trump Offered Policy Word Salad The differences between the candidates, in one exchange. Jonathan Cohn",POLITICS,-0.0028678370151267014,0.006046761786731691
35,"Creation Of Trump TV Shows The Importance Of Mainstream Media Evidently, President Trump just wants to hear positive news about himself. Recent news reports indicate that Trump is given Larry Atkins, ContributorJournalist, Professor, Lawyer, Author of Skewed: A Critical Th...",POLITICS,-0.00292947334109622,0.009947093152271325
122,Elizabeth Warren Slams 'Bizarre' Glass-Steagall Statements From Trump's Treasury Secretary ‚ÄúThis is like something straight out of George Orwell.‚Äù Paul Blumenthal and Ben Walsh,POLITICS,-0.0029637425827916133,-0.0022006870289037472
89,"Watch: Maya Angelou on Facing Evil I revisit a 1988 documentary in which Angelou and I attended a conference on ""Facing Evil,"" held in the Hill Country of central Texas. Evil was a topic about which Angelou, the victim of childhood rape and virulent racism, had a lot to say. Bill Moyers, ContributorManaging Editor, Moyers & Company",POLITICS,-0.0029763673519379117,-0.021745920182413114
58,Sioux Leader To Trump: 'Leave The Office You Bought And Take Your Swamp Things With You' Harold Frazier said Trump should also apologize to the nation for his Pocahontas remarks. Hayley Miller,POLITICS,-0.0029764667551094824,0.010156168899154716
205,The Fight Between Sanders And Clinton Isn't A Purity Test. It's A Genuine Divide Over Gender And Corporate Power. Elizabeth Warren lit the fuse. Zach Carter,POLITICS,-0.0030362127045645416,0.015657059668167328
172,Hillary Clinton's Nomination Brings America To The Brink Of Modernity But the last step is up to her. Jason Linkins,POLITICS,-0.0032459924416282523,0.021691106563779983
186,"Sunday Show Hosts Hit Back On Trump Administration's Lies ""Alternative facts are not facts, they‚Äôre falsehoods."" Amanda Terkel",POLITICS,-0.003709523598461636,0.01601516944554987
12,Bernie Sanders Calls Out Media For Not Covering Obama's Trade Deal  Andrew Hart,POLITICS,-0.0038271836181735233,-0.010947216479134048
231,"Every Time Chris Cillizza Has Said 'Bigly' On Twitter The CNN commentator thinks it's a very, very, very, very funny word. Ashley Feinberg",POLITICS,-0.0038687145242231025,0.011887860410393969
162,Share Your Election Confessions This is an NBC News experiment. We want to hear your election confession. Tell us what you really think without revealing ,POLITICS,-0.00389229712850745,-0.0002689642794245217
131,"Top Republicans may skip GOP convention Washington (CNN) -¬†A number of high-profile Republicans, fearful of a potential melee in Cleveland this summer, are considering ",POLITICS,-0.0039039237714894623,-0.004873640460602402
207,"GOP Lawmakers To Trump: We Can Still Work With Democrats Sen. Lindsey Graham urged the president to ""rise above"" Democratic calls for impeachment and work to find common ground. Igor Bobic",POLITICS,-0.0039156375363171006,0.004870048778623126
84,"Netanyahu Intensifies Criticism Of The Obama Administration, Thanks Trump This kind of animosity toward a U.S. president is ""certainly unprecedented,"" an Israeli analyst says. Daniel Marans",POLITICS,-0.003994208702526116,-0.01178196076648852
119,"Train Carrying GOP Members Of Congress Collides With Truck One person from the garbage truck was pronounced dead. Matt Fuller, Marina Fang, and Ryan Grenoble",POLITICS,-0.00409453392951625,-0.007986596353423858
166,"Justice Scalia Versus 'Liberty' Scalia has identified himself as a ""faint-hearted originalist."" Nowhere is his faint-heartedness more evident than in his refusal to seriously consider whether and to what extent the Constitution protects unenumerated rights. Evan Bernick, ContributorAssistant Director at the Institute for Justice",POLITICS,-0.004101514310254255,-0.00419333474491812
37,"EPA, California Probing Volkswagen For Clean Air Violations The automaker is being investigated for producing vehicles that can ""cheat"" in emissions tests. Laura Barr√≥n-L√≥pez",POLITICS,-0.004274034079767445,0.004543706122007496
134,'Infant' Alien Planet Discovery Shakes Up Ideas About How Worlds Form Astronomers say 'K2-33b' is just 5 million to 10 million years old. David Freeman,SCIENCE,-0.004720723189318808,0.02097184476334152
71,Pope Francis To Visit U.S. Prison Housing Ex-Church Official PHILADELPHIA (AP) - A prison that Pope Francis plans to visit during his U.S. trip houses a former church official jailed ,RELIGION,-0.0053891653886799845,-0.007762923300068614
80,"Speak Up For Health Care: It's Personal Someone's mom needs cancer medicine. Someone else's baby will die without health care. The Rev. Jacqueline J. Lewis, Ph.D., ContributorSenior Minister, Middle Collegiate Church",RELIGION,-0.005792933925977617,-0.008305340943914385
202,"This Father's Day, Let's Ensure All Parents Have Access To Paid Family Leave I'm proud to be a Senator, but I'm even prouder to be a dad. This Father's Day, let's embrace true family values and push for fair, inclusive family leave that will make our economy work better for everyone. Sen. Jeff Merkley, ContributorUS Senator from Oregon",POLITICS,-0.0058562122573244104,0.012088461902888037
229,Conservative Republicans Push For Retreat On Food Stamp Fight -- For Now They fear other Republicans aren't ready to cut benefits in an election year. Arthur Delaney and Matt Fuller,POLITICS,-0.0067673220248021335,0.013263380590652185
36,Retired Pope Benedict XVI Celebrates 88th Birthday With A Pint  ,RELIGION,-0.0072620230111880195,-0.0011870633767730454
200,Daily Meditation: A New Year  Antonia Blumberg,RELIGION,-0.013181062384512601,0.002020961418253142
44,"Manchester bomber was motivated to commit terrorism by hate preachers, not religion The anti-Islam bandwagon has resurfaced led by bigoted commentators and a whole host of Islamophobes on social media. They Nasir Mahdi, ContributorWriter",RELIGION,-0.01330446849710358,-0.01698819551977182
1,"The Taliban in the Self How many children has our greed killed?  How many children grow up without proper education?  How many children are subjected to the slow deaths of racism, homophobia and sexism?  How many children are dead because of our thirst for guns and violence?  The questions can go on and on. Rev. Jeff Hood, ContributorBaptist Pastor, Theologian and Activist",RELIGION,-0.039766718206573896,0.004975620468414044
